<?xml version='1.0' encoding='UTF-8'?>
<package version="0.0.2" uuid="praybotpepper">
 <names>
  <name lang="en_US">PrayBotPepper</name>
  <name lang="ja_JP">祈りのロボ</name>
 </names>
 <descriptionLanguages>
  <language>ja_JP</language>
 </descriptionLanguages>
 <contents>
  <behaviorContent path="behavior_1">
   <userRequestable/>
   <nature>interactive</nature>
   <names>
    <name lang="ja_JP">祈りのロボ</name>
   </names>
   <triggerSentences>
    <sentence lang="ja_JP">祈りのロボ</sentence>
   </triggerSentences>
   <permissions>
    <canSitDown/>
    <canStandUp/>
    <canRunOnPod/>
   </permissions>
  </behaviorContent>
 </contents>
 <requirements>
  <naoqiRequirement minVersion="2.5"/>
  <robotRequirement model="JULIETTE"/>
 </requirements>
</package>
