<?xml version='1.0' encoding='UTF-8'?>
<package uuid="praybotpepper" version="0.0.1">
 <names>
  <name lang="en_US">PrayBotPepper</name>
  <name lang="ja_JP">祈りのロボ</name>
 </names>
 <supportedLanguages>
  <language>ja_JP</language>
 </supportedLanguages>
 <descriptionLanguages>
  <language>ja_JP</language>
 </descriptionLanguages>
 <contents>
  <behaviorContent path="behavior_1">
   <nature>interactive</nature>
   <names>
    <name lang="ja_JP">祈りのロボ</name>
   </names>
   <triggerSentences>
    <sentence lang="ja_JP">祈りのロボ</sentence>
   </triggerSentences>
   <permissions>
    <canSitDown/>
    <canStandUp/>
    <canRunOnPod/>
   </permissions>
  </behaviorContent>
 </contents>
</package>
